product_name;product_price;product_category_1;product_brand
FX Protect Gravity Pre-Wash;11.5;Lavar > Prelimpiador;FX Protect
Auto Finesse Citrus Power Bug & Grime Remover 1L;11.00;Lavar > Prelimpiador;Auto Finesse
Labocosmetica Primus 2.0 1L;16.5;Lavar > Prelimpiador;Labocosmetica
Stjarnagloss Forst Citrus Pre-Cleaner 1L;12.00;Lavar > Prelimpiador;Stjarnagloss
BILT HAMBER TOUCH LESS PRE WASH SNOW FOAM;47.00;Lavar > Snow Foam;BILT HAMBER
Dodo Juice iFoam Max Snow Foam 1L;21.5;Lavar > Snow Foam;Dodo Juice
Koch Chemie Gentle Snow Foam 1L;16.5;Lavar > Snow Foam;Koch Chemie
GYEON Q2M Iron 500ml;14.00;Lavar > Ruedas;GYEON
Koch Chemie MWC Magic Wheel Cleaner 500ml;17.00;Lavar > Ruedas;Koch Chemie
Deturner Bloody Wheels 1L;14.5;Lavar > Ruedas;Deturner
Soft99 Neutral Shampoo Creamy Type 1L;17.5;Lavar > Shampoo;Soft99
Soft99 Extreme Gloss The Kiwami Dark Shampoo 750ml;16.5;Lavar > Shampoo;Soft99
Aesthetic Unique Shampoo 500ml;16.5;Lavar > Shampoo;Aesthetic
Stoner Invisible Glass 643ml;9.5;Lavar > Limpiacristales;Stoner
Cleantle Glass Cleaner Greentea Scent 1L;8.00;Lavar > Limpiacristales;Cleantle
CarPro Detailing Clay;27.00;Lavar > DescontaminaciÃ³n;CarPro
Soft99 Smooth Egg Clay Bar 2uds;10.00;Lavar > DescontaminaciÃ³n;Soft99
Cleantle APC Lime 1L;9.00;Interior > APC;Cleantle
Ultracoat APC+ 500ml;8.00;Interior > APC;Ultracoat
Koch Chemie MZR 1L;13.00;Interior > APC;Koch Chemie
ADBL Interior QD Unlimited 1L;13.00;Interior > PlÃ¡sticos;ADBL
Mother's VLR 710ml;13.00;Interior > PlÃ¡sticos;Mother's
Koch Chemie Pol Star 1L;12.00;Interior > Textil;Koch Chemie
P&S Terminator 473ml;15.5;Interior > Textil;P&S
GYEON Q2M LeatherCleaner Natural 500ml;15.75;Interior > Cuero;GYEON
ADBL Leather Kit;39.00;Interior > Cuero;ADBL
California Scents Car Scents;4.00;Interior > Ambientadores;California Scents
Fresso Paradise Spark;5.5;Interior > Ambientadores;Fresso
Shinemate EB351-5/15mm;325.00;Pulir > Maquinas;Shinemate
ShineMate EP820 Rotary Polisher;205.00;Pulir > Maquinas;ShineMate
Rupes DA Wool COARSE 125mm;18.50;Pulir > Boinas corte;Rupes
Lake Country HDO One Step Pad orange 125mm;16.00;Pulir > Boinas medio;Lake Country
Lake Country HDO Finishing Pad 125mm;18.00;Pulir > Boinas acabado;Lake Country
Meguiar's Ultra Cut Compound 946ml;56.00;Pulir > Pulimentos;Meguiar's
SONAX Profiline Cutmax 06-03 250ml;21.5;Pulir > Pulimentos;SONAX
SONAX Profiline Perfect Finish 04-06 250ml;24.5;Pulir > Pulimentos;SONAX
GYEON Q2 CanCoat Evo 200ML;49.5;Proteccion > Pintura;GYEON
CarPro DQuartz GO 30ml;82.50;Proteccion > Pintura;CarPro
Collinite No. 915 Marque d'Elegance 355ml;38.00;Proteccion > Pintura;Collinite
GYEON Q2 RIM EVO 30ML;54.60;Proteccion > Llantas;GYEON 
CarPro DLUX 30ml;38.00;Proteccion > Llantas;CarPro
Luminus Ls Trim 30ml;64.00;Proteccion > PlÃ¡sticos;Luminus
GYEON Q2 TRIM EVO 30ML;54.60;Proteccion > PlÃ¡sticos;GYEON
GYEON Q2 VIEW EVO 20ML;43.00;Proteccion > Cristales;GYEON
Labocosmetica Aquavelox 100ml;16.00;Proteccion > Cristales;Labocosmetica
303 High Tech Fabric Guard;19.00;Proteccion > Textil;303 High Tech Fabric Guard
GYEON Q² Fabric Coat 100ml;21.50;Proteccion > Textil;GYEON 
Stark Edgeless Towel 400GSM;3.50;Accesorios > Microfibras;Stark 
Stark Perfect Glass;3.00;Accesorios > Microfibras;Stark 
Toalla de secado Stark Double Twisted 2000GSM;19.50;Accesorios > Microfibras;Stark 
CarPro Detailing Brush Set;15.50;Accesorios > Cepillos;CarPro
ADBL Tire Brush;5.50;Accesorios > Cepillos;ADBL 
KWAZAR Mercury 360 Pro 500ml;8.50;Accesorios > Pulverizadores;KWAZAR
MAROLEX Industry Ergo Alkaline 2L;28.00;Accesorios > Pulverizadores;MAROLEX 
